date,cut_km_10,cut_km_20,cut_km_40,unknown_km
2022-05-16,315.5,253.6,173.0,2966.7
2022-05-18,161.9,64.3,17.0,2431.1
2022-05-23,2991.5,2804.3,2357.3,26.5
2022-05-25,2861.6,2635.4,2167.5,26.5
2022-05-28,425.7,378.6,293.0,2965.8
2022-05-30,868.1,776.6,632.7,2436.0
2022-06-04,2852.1,2582.6,2075.4,26.5
2022-06-06,2945.0,2695.0,2201.4,26.5
2022-06-09,439.3,386.4,297.5,2971.9
2022-06-11,383.2,214.1,68.5,2440.5
2022-06-16,2705.3,2503.1,2104.3,26.5
2022-06-18,3200.8,3017.5,2581.6,26.5
2022-06-21,462.8,421.2,350.6,2966.9
2022-06-23,280.9,102.6,25.7,2438.0
2022-06-28,3131.9,2915.6,2453.7,26.5
2022-06-30,3134.4,2924.4,2483.3,26.5
2022-07-03,452.3,417.7,339.4,2966.3
2022-07-05,682.8,494.8,245.3,2437.1
2022-07-12,2684.2,2397.2,1902.2,26.5
