threshold,date,boat_dependent,connected,isolated,uncertain
0.1,2022-05-16,2,5,0,9
0.1,2022-05-18,2,8,0,6
0.1,2022-05-23,2,5,9,0
0.1,2022-05-25,2,5,9,0
0.1,2022-05-28,2,5,1,8
0.1,2022-05-30,2,5,1,8
0.1,2022-06-04,2,4,10,0
0.1,2022-06-06,2,5,9,0
0.1,2022-06-09,2,5,1,8
0.1,2022-06-11,2,6,0,8
0.1,2022-06-16,2,6,8,0
0.1,2022-06-18,2,5,9,0
0.1,2022-06-21,2,5,1,8
0.1,2022-06-23,2,8,0,6
0.1,2022-06-28,2,5,9,0
0.1,2022-06-30,2,5,9,0
0.1,2022-07-03,2,5,1,8
0.1,2022-07-05,2,5,1,8
0.1,2022-07-12,2,5,9,0
0.2,2022-05-16,2,6,0,8
0.2,2022-05-18,2,8,0,6
0.2,2022-05-23,2,5,9,0
0.2,2022-05-25,2,5,9,0
0.2,2022-05-28,2,5,1,8
0.2,2022-05-30,2,5,1,8
0.2,2022-06-04,2,8,6,0
0.2,2022-06-06,2,5,9,0
0.2,2022-06-09,2,5,1,8
0.2,2022-06-11,2,6,0,8
0.2,2022-06-16,2,6,8,0
0.2,2022-06-18,2,5,9,0
0.2,2022-06-21,2,5,1,8
0.2,2022-06-23,2,8,0,6
0.2,2022-06-28,2,5,9,0
0.2,2022-06-30,2,5,9,0
0.2,2022-07-03,2,5,1,8
0.2,2022-07-05,2,5,1,8
0.2,2022-07-12,2,8,6,0
0.4,2022-05-16,2,6,0,8
0.4,2022-05-18,2,8,0,6
0.4,2022-05-23,2,8,6,0
0.4,2022-05-25,2,9,5,0
0.4,2022-05-28,2,5,0,9
0.4,2022-05-30,2,5,1,8
0.4,2022-06-04,2,8,6,0
0.4,2022-06-06,2,8,6,0
0.4,2022-06-09,2,5,1,8
0.4,2022-06-11,2,6,0,8
0.4,2022-06-16,2,9,5,0
0.4,2022-06-18,2,8,6,0
0.4,2022-06-21,2,5,1,8
0.4,2022-06-23,2,8,0,6
0.4,2022-06-28,2,8,6,0
0.4,2022-06-30,2,8,6,0
0.4,2022-07-03,2,5,1,8
0.4,2022-07-05,2,6,0,8
0.4,2022-07-12,2,9,5,0
