threshold,date,village_id,status,dist_to_shelter_m,nearest_shelter_id
0.1,2022-05-16,osm1472175218,connected,899.0,osm9707485332
0.1,2022-05-16,osm2481972070,connected,1705.0,osm2332856879
0.1,2022-05-16,osm3642867917,uncertain,,
0.1,2022-05-16,osm3642870480,connected,10443.7,osm9707654269
0.1,2022-05-16,osm3642877016,uncertain,,
0.1,2022-05-16,osm3642877017,boat_dependent,,
0.1,2022-05-16,osm5506312223,uncertain,,
0.1,2022-05-16,osm6123937355,uncertain,,
0.1,2022-05-16,osm6123937356,uncertain,,
0.1,2022-05-16,osm6123937357,boat_dependent,,
0.1,2022-05-16,osm6720358434,uncertain,,
0.1,2022-05-16,osm9835676256,uncertain,,
0.1,2022-05-16,osm9843505109,connected,6102.1,osm5900028290
0.1,2022-05-16,osm9843505110,connected,1761.8,osm5900028290
0.1,2022-05-16,osm822959784,uncertain,,
0.1,2022-05-16,osm822959785,uncertain,,
0.1,2022-05-18,osm1472175218,connected,899.0,osm9707485332
0.1,2022-05-18,osm2481972070,connected,1705.0,osm2332856879
0.1,2022-05-18,osm3642867917,uncertain,,
0.1,2022-05-18,osm3642870480,connected,10443.7,osm9707654269
0.1,2022-05-18,osm3642877016,uncertain,,
0.1,2022-05-18,osm3642877017,boat_dependent,15771.9,osm9707654269
0.1,2022-05-18,osm5506312223,uncertain,,
0.1,2022-05-18,osm6123937355,connected,5643.2,osm6124539669
0.1,2022-05-18,osm6123937356,connected,7825.9,osm6124539669
0.1,2022-05-18,osm6123937357,boat_dependent,2748.6,osm6124539669
0.1,2022-05-18,osm6720358434,uncertain,,
0.1,2022-05-18,osm9835676256,connected,6332.3,osm5900028290
0.1,2022-05-18,osm9843505109,connected,6102.1,osm5900028290
0.1,2022-05-18,osm9843505110,connected,1761.8,osm5900028290
0.1,2022-05-18,osm822959784,uncertain,,
0.1,2022-05-18,osm822959785,uncertain,,
0.1,2022-05-23,osm1472175218,connected,899.0,osm9707485332
0.1,2022-05-23,osm2481972070,connected,1705.0,osm2332856879
0.1,2022-05-23,osm3642867917,isolated,,
0.1,2022-05-23,osm3642870480,connected,10443.7,osm9707654269
0.1,2022-05-23,osm3642877016,isolated,,
0.1,2022-05-23,osm3642877017,boat_dependent,,
0.1,2022-05-23,osm5506312223,isolated,,
0.1,2022-05-23,osm6123937355,isolated,,
0.1,2022-05-23,osm6123937356,isolated,,
0.1,2022-05-23,osm6123937357,boat_dependent,,
0.1,2022-05-23,osm6720358434,isolated,,
0.1,2022-05-23,osm9835676256,isolated,,
0.1,2022-05-23,osm9843505109,connected,6102.1,osm5900028290
0.1,2022-05-23,osm9843505110,connected,1761.8,osm5900028290
0.1,2022-05-23,osm822959784,isolated,,
0.1,2022-05-23,osm822959785,isolated,,
0.1,2022-05-25,osm1472175218,connected,899.0,osm9707485332
0.1,2022-05-25,osm2481972070,connected,1705.0,osm2332856879
0.1,2022-05-25,osm3642867917,isolated,,
0.1,2022-05-25,osm3642870480,connected,10443.7,osm9707654269
0.1,2022-05-25,osm3642877016,isolated,,
0.1,2022-05-25,osm3642877017,boat_dependent,,
0.1,2022-05-25,osm5506312223,isolated,,
0.1,2022-05-25,osm6123937355,isolated,,
0.1,2022-05-25,osm6123937356,isolated,,
0.1,2022-05-25,osm6123937357,boat_dependent,,
0.1,2022-05-25,osm6720358434,isolated,,
0.1,2022-05-25,osm9835676256,isolated,,
0.1,2022-05-25,osm9843505109,connected,6102.1,osm5900028290
0.1,2022-05-25,osm9843505110,connected,1761.8,osm5900028290
0.1,2022-05-25,osm822959784,isolated,,
0.1,2022-05-25,osm822959785,isolated,,
0.1,2022-05-28,osm1472175218,connected,899.0,osm9707485332
0.1,2022-05-28,osm2481972070,connected,1705.0,osm2332856879
0.1,2022-05-28,osm3642867917,uncertain,,
0.1,2022-05-28,osm3642870480,connected,10443.7,osm9707654269
0.1,2022-05-28,osm3642877016,uncertain,,
0.1,2022-05-28,osm3642877017,boat_dependent,,
0.1,2022-05-28,osm5506312223,uncertain,,
0.1,2022-05-28,osm6123937355,uncertain,,
0.1,2022-05-28,osm6123937356,uncertain,,
0.1,2022-05-28,osm6123937357,boat_dependent,,
0.1,2022-05-28,osm6720358434,uncertain,,
0.1,2022-05-28,osm9835676256,isolated,,
0.1,2022-05-28,osm9843505109,connected,6102.1,osm5900028290
0.1,2022-05-28,osm9843505110,connected,1761.8,osm5900028290
0.1,2022-05-28,osm822959784,uncertain,,
0.1,2022-05-28,osm822959785,uncertain,,
0.1,2022-05-30,osm1472175218,connected,899.0,osm9707485332
0.1,2022-05-30,osm2481972070,connected,1705.0,osm2332856879
0.1,2022-05-30,osm3642867917,uncertain,,
0.1,2022-05-30,osm3642870480,connected,10443.7,osm9707654269
0.1,2022-05-30,osm3642877016,uncertain,,
0.1,2022-05-30,osm3642877017,boat_dependent,,
0.1,2022-05-30,osm5506312223,uncertain,,
0.1,2022-05-30,osm6123937355,uncertain,,
0.1,2022-05-30,osm6123937356,uncertain,,
0.1,2022-05-30,osm6123937357,boat_dependent,,
0.1,2022-05-30,osm6720358434,uncertain,,
0.1,2022-05-30,osm9835676256,isolated,,
0.1,2022-05-30,osm9843505109,connected,6102.1,osm5900028290
0.1,2022-05-30,osm9843505110,connected,1761.8,osm5900028290
0.1,2022-05-30,osm822959784,uncertain,,
0.1,2022-05-30,osm822959785,uncertain,,
0.1,2022-06-04,osm1472175218,connected,899.0,osm9707485332
0.1,2022-06-04,osm2481972070,connected,1705.0,osm2332856879
0.1,2022-06-04,osm3642867917,isolated,,
0.1,2022-06-04,osm3642870480,isolated,,
0.1,2022-06-04,osm3642877016,isolated,,
0.1,2022-06-04,osm3642877017,boat_dependent,,
0.1,2022-06-04,osm5506312223,isolated,,
0.1,2022-06-04,osm6123937355,isolated,,
0.1,2022-06-04,osm6123937356,isolated,,
0.1,2022-06-04,osm6123937357,boat_dependent,,
0.1,2022-06-04,osm6720358434,isolated,,
0.1,2022-06-04,osm9835676256,isolated,,
0.1,2022-06-04,osm9843505109,connected,6102.1,osm5900028290
0.1,2022-06-04,osm9843505110,connected,1761.8,osm5900028290
0.1,2022-06-04,osm822959784,isolated,,
0.1,2022-06-04,osm822959785,isolated,,
0.1,2022-06-06,osm1472175218,connected,899.0,osm9707485332
0.1,2022-06-06,osm2481972070,connected,1705.0,osm2332856879
0.1,2022-06-06,osm3642867917,isolated,,
0.1,2022-06-06,osm3642870480,connected,10443.7,osm9707654269
0.1,2022-06-06,osm3642877016,isolated,,
0.1,2022-06-06,osm3642877017,boat_dependent,,
0.1,2022-06-06,osm5506312223,isolated,,
0.1,2022-06-06,osm6123937355,isolated,,
0.1,2022-06-06,osm6123937356,isolated,,
0.1,2022-06-06,osm6123937357,boat_dependent,,
0.1,2022-06-06,osm6720358434,isolated,,
0.1,2022-06-06,osm9835676256,isolated,,
0.1,2022-06-06,osm9843505109,connected,6102.1,osm5900028290
0.1,2022-06-06,osm9843505110,connected,1761.8,osm5900028290
0.1,2022-06-06,osm822959784,isolated,,
0.1,2022-06-06,osm822959785,isolated,,
0.1,2022-06-09,osm1472175218,connected,899.0,osm9707485332
0.1,2022-06-09,osm2481972070,connected,1705.0,osm2332856879
0.1,2022-06-09,osm3642867917,uncertain,,
0.1,2022-06-09,osm3642870480,connected,10443.7,osm9707654269
0.1,2022-06-09,osm3642877016,uncertain,,
0.1,2022-06-09,osm3642877017,boat_dependent,,
0.1,2022-06-09,osm5506312223,uncertain,,
0.1,2022-06-09,osm6123937355,uncertain,,
0.1,2022-06-09,osm6123937356,uncertain,,
0.1,2022-06-09,osm6123937357,boat_dependent,,
0.1,2022-06-09,osm6720358434,uncertain,,
0.1,2022-06-09,osm9835676256,isolated,,
0.1,2022-06-09,osm9843505109,connected,6102.1,osm5900028290
0.1,2022-06-09,osm9843505110,connected,1761.8,osm5900028290
0.1,2022-06-09,osm822959784,uncertain,,
0.1,2022-06-09,osm822959785,uncertain,,
0.1,2022-06-11,osm1472175218,connected,899.0,osm9707485332
0.1,2022-06-11,osm2481972070,connected,1705.0,osm2332856879
0.1,2022-06-11,osm3642867917,uncertain,,
0.1,2022-06-11,osm3642870480,connected,10443.7,osm9707654269
0.1,2022-06-11,osm3642877016,uncertain,,
0.1,2022-06-11,osm3642877017,boat_dependent,,
0.1,2022-06-11,osm5506312223,uncertain,,
0.1,2022-06-11,osm6123937355,uncertain,,
0.1,2022-06-11,osm6123937356,uncertain,,
0.1,2022-06-11,osm6123937357,boat_dependent,,
0.1,2022-06-11,osm6720358434,uncertain,,
0.1,2022-06-11,osm9835676256,connected,10451.6,osm5900028290
0.1,2022-06-11,osm9843505109,connected,6102.1,osm5900028290
0.1,2022-06-11,osm9843505110,connected,1761.8,osm5900028290
0.1,2022-06-11,osm822959784,uncertain,,
0.1,2022-06-11,osm822959785,uncertain,,
0.1,2022-06-16,osm1472175218,connected,899.0,osm9707485332
0.1,2022-06-16,osm2481972070,connected,1705.0,osm2332856879
0.1,2022-06-16,osm3642867917,connected,14833.0,osm9707654269
0.1,2022-06-16,osm3642870480,connected,10443.7,osm9707654269
0.1,2022-06-16,osm3642877016,isolated,,
0.1,2022-06-16,osm3642877017,boat_dependent,,
0.1,2022-06-16,osm5506312223,isolated,,
0.1,2022-06-16,osm6123937355,isolated,,
0.1,2022-06-16,osm6123937356,isolated,,
0.1,2022-06-16,osm6123937357,boat_dependent,,
0.1,2022-06-16,osm6720358434,isolated,,
0.1,2022-06-16,osm9835676256,isolated,,
0.1,2022-06-16,osm9843505109,connected,6102.1,osm5900028290
0.1,2022-06-16,osm9843505110,connected,1761.8,osm5900028290
0.1,2022-06-16,osm822959784,isolated,,
0.1,2022-06-16,osm822959785,isolated,,
0.1,2022-06-18,osm1472175218,connected,899.0,osm9707485332
0.1,2022-06-18,osm2481972070,connected,1705.0,osm2332856879
0.1,2022-06-18,osm3642867917,isolated,,
0.1,2022-06-18,osm3642870480,connected,10443.7,osm9707654269
0.1,2022-06-18,osm3642877016,isolated,,
0.1,2022-06-18,osm3642877017,boat_dependent,,
0.1,2022-06-18,osm5506312223,isolated,,
0.1,2022-06-18,osm6123937355,isolated,,
0.1,2022-06-18,osm6123937356,isolated,,
0.1,2022-06-18,osm6123937357,boat_dependent,,
0.1,2022-06-18,osm6720358434,isolated,,
0.1,2022-06-18,osm9835676256,isolated,,
0.1,2022-06-18,osm9843505109,connected,6102.1,osm5900028290
0.1,2022-06-18,osm9843505110,connected,1761.8,osm5900028290
0.1,2022-06-18,osm822959784,isolated,,
0.1,2022-06-18,osm822959785,isolated,,
0.1,2022-06-21,osm1472175218,connected,899.0,osm9707485332
0.1,2022-06-21,osm2481972070,connected,1705.0,osm2332856879
0.1,2022-06-21,osm3642867917,uncertain,,
0.1,2022-06-21,osm3642870480,connected,10443.7,osm9707654269
0.1,2022-06-21,osm3642877016,uncertain,,
0.1,2022-06-21,osm3642877017,boat_dependent,,
0.1,2022-06-21,osm5506312223,uncertain,,
0.1,2022-06-21,osm6123937355,uncertain,,
0.1,2022-06-21,osm6123937356,uncertain,,
0.1,2022-06-21,osm6123937357,boat_dependent,,
0.1,2022-06-21,osm6720358434,uncertain,,
0.1,2022-06-21,osm9835676256,isolated,,
0.1,2022-06-21,osm9843505109,connected,6102.1,osm5900028290
0.1,2022-06-21,osm9843505110,connected,1761.8,osm5900028290
0.1,2022-06-21,osm822959784,uncertain,,
0.1,2022-06-21,osm822959785,uncertain,,
0.1,2022-06-23,osm1472175218,connected,899.0,osm9707485332
0.1,2022-06-23,osm2481972070,connected,1705.0,osm2332856879
0.1,2022-06-23,osm3642867917,uncertain,,
0.1,2022-06-23,osm3642870480,connected,10443.7,osm9707654269
0.1,2022-06-23,osm3642877016,uncertain,,
0.1,2022-06-23,osm3642877017,boat_dependent,15771.9,osm9707654269
0.1,2022-06-23,osm5506312223,uncertain,,
0.1,2022-06-23,osm6123937355,connected,5643.2,osm6124539669
0.1,2022-06-23,osm6123937356,connected,7825.9,osm6124539669
0.1,2022-06-23,osm6123937357,boat_dependent,2748.6,osm6124539669
0.1,2022-06-23,osm6720358434,uncertain,,
0.1,2022-06-23,osm9835676256,connected,10510.7,osm5900028290
0.1,2022-06-23,osm9843505109,connected,6102.1,osm5900028290
0.1,2022-06-23,osm9843505110,connected,1761.8,osm5900028290
0.1,2022-06-23,osm822959784,uncertain,,
0.1,2022-06-23,osm822959785,uncertain,,
0.1,2022-06-28,osm1472175218,connected,899.0,osm9707485332
0.1,2022-06-28,osm2481972070,connected,1705.0,osm2332856879
0.1,2022-06-28,osm3642867917,isolated,,
0.1,2022-06-28,osm3642870480,connected,10443.7,osm9707654269
0.1,2022-06-28,osm3642877016,isolated,,
0.1,2022-06-28,osm3642877017,boat_dependent,,
0.1,2022-06-28,osm5506312223,isolated,,
0.1,2022-06-28,osm6123937355,isolated,,
0.1,2022-06-28,osm6123937356,isolated,,
0.1,2022-06-28,osm6123937357,boat_dependent,,
0.1,2022-06-28,osm6720358434,isolated,,
0.1,2022-06-28,osm9835676256,isolated,,
0.1,2022-06-28,osm9843505109,connected,6102.1,osm5900028290
0.1,2022-06-28,osm9843505110,connected,1761.8,osm5900028290
0.1,2022-06-28,osm822959784,isolated,,
0.1,2022-06-28,osm822959785,isolated,,
0.1,2022-06-30,osm1472175218,connected,899.0,osm9707485332
0.1,2022-06-30,osm2481972070,connected,1705.0,osm2332856879
0.1,2022-06-30,osm3642867917,isolated,,
0.1,2022-06-30,osm3642870480,connected,10443.7,osm9707654269
0.1,2022-06-30,osm3642877016,isolated,,
0.1,2022-06-30,osm3642877017,boat_dependent,,
0.1,2022-06-30,osm5506312223,isolated,,
0.1,2022-06-30,osm6123937355,isolated,,
0.1,2022-06-30,osm6123937356,isolated,,
0.1,2022-06-30,osm6123937357,boat_dependent,,
0.1,2022-06-30,osm6720358434,isolated,,
0.1,2022-06-30,osm9835676256,isolated,,
0.1,2022-06-30,osm9843505109,connected,6102.1,osm5900028290
0.1,2022-06-30,osm9843505110,connected,1761.8,osm5900028290
0.1,2022-06-30,osm822959784,isolated,,
0.1,2022-06-30,osm822959785,isolated,,
0.1,2022-07-03,osm1472175218,connected,899.0,osm9707485332
0.1,2022-07-03,osm2481972070,connected,1705.0,osm2332856879
0.1,2022-07-03,osm3642867917,uncertain,,
0.1,2022-07-03,osm3642870480,connected,10443.7,osm9707654269
0.1,2022-07-03,osm3642877016,uncertain,,
0.1,2022-07-03,osm3642877017,boat_dependent,,
0.1,2022-07-03,osm5506312223,uncertain,,
0.1,2022-07-03,osm6123937355,uncertain,,
0.1,2022-07-03,osm6123937356,uncertain,,
0.1,2022-07-03,osm6123937357,boat_dependent,,
0.1,2022-07-03,osm6720358434,uncertain,,
0.1,2022-07-03,osm9835676256,isolated,,
0.1,2022-07-03,osm9843505109,connected,6102.1,osm5900028290
0.1,2022-07-03,osm9843505110,connected,1761.8,osm5900028290
0.1,2022-07-03,osm822959784,uncertain,,
0.1,2022-07-03,osm822959785,uncertain,,
0.1,2022-07-05,osm1472175218,connected,899.0,osm9707485332
0.1,2022-07-05,osm2481972070,connected,1705.0,osm2332856879
0.1,2022-07-05,osm3642867917,uncertain,,
0.1,2022-07-05,osm3642870480,connected,10443.7,osm9707654269
0.1,2022-07-05,osm3642877016,uncertain,,
0.1,2022-07-05,osm3642877017,boat_dependent,,
0.1,2022-07-05,osm5506312223,uncertain,,
0.1,2022-07-05,osm6123937355,uncertain,,
0.1,2022-07-05,osm6123937356,uncertain,,
0.1,2022-07-05,osm6123937357,boat_dependent,,
0.1,2022-07-05,osm6720358434,uncertain,,
0.1,2022-07-05,osm9835676256,isolated,,
0.1,2022-07-05,osm9843505109,connected,6102.1,osm5900028290
0.1,2022-07-05,osm9843505110,connected,1761.8,osm5900028290
0.1,2022-07-05,osm822959784,uncertain,,
0.1,2022-07-05,osm822959785,uncertain,,
0.1,2022-07-12,osm1472175218,connected,899.0,osm9707485332
0.1,2022-07-12,osm2481972070,connected,1705.0,osm2332856879
0.1,2022-07-12,osm3642867917,isolated,,
0.1,2022-07-12,osm3642870480,connected,10443.7,osm9707654269
0.1,2022-07-12,osm3642877016,isolated,,
0.1,2022-07-12,osm3642877017,boat_dependent,,
0.1,2022-07-12,osm5506312223,isolated,,
0.1,2022-07-12,osm6123937355,isolated,,
0.1,2022-07-12,osm6123937356,isolated,,
0.1,2022-07-12,osm6123937357,boat_dependent,,
0.1,2022-07-12,osm6720358434,isolated,,
0.1,2022-07-12,osm9835676256,isolated,,
0.1,2022-07-12,osm9843505109,connected,6102.1,osm5900028290
0.1,2022-07-12,osm9843505110,connected,1761.8,osm5900028290
0.1,2022-07-12,osm822959784,isolated,,
0.1,2022-07-12,osm822959785,isolated,,
0.2,2022-05-16,osm1472175218,connected,899.0,osm9707485332
0.2,2022-05-16,osm2481972070,connected,1705.0,osm2332856879
0.2,2022-05-16,osm3642867917,uncertain,,
0.2,2022-05-16,osm3642870480,connected,10443.7,osm9707654269
0.2,2022-05-16,osm3642877016,uncertain,,
0.2,2022-05-16,osm3642877017,boat_dependent,15771.9,osm9707654269
0.2,2022-05-16,osm5506312223,uncertain,,
0.2,2022-05-16,osm6123937355,uncertain,,
0.2,2022-05-16,osm6123937356,uncertain,,
0.2,2022-05-16,osm6123937357,boat_dependent,,
0.2,2022-05-16,osm6720358434,uncertain,,
0.2,2022-05-16,osm9835676256,connected,10237.1,osm5900028290
0.2,2022-05-16,osm9843505109,connected,6102.1,osm5900028290
0.2,2022-05-16,osm9843505110,connected,1761.8,osm5900028290
0.2,2022-05-16,osm822959784,uncertain,,
0.2,2022-05-16,osm822959785,uncertain,,
0.2,2022-05-18,osm1472175218,connected,899.0,osm9707485332
0.2,2022-05-18,osm2481972070,connected,1705.0,osm2332856879
0.2,2022-05-18,osm3642867917,uncertain,,
0.2,2022-05-18,osm3642870480,connected,10443.7,osm9707654269
0.2,2022-05-18,osm3642877016,uncertain,,
0.2,2022-05-18,osm3642877017,boat_dependent,15771.9,osm9707654269
0.2,2022-05-18,osm5506312223,uncertain,,
0.2,2022-05-18,osm6123937355,connected,2772.0,osm6124539669
0.2,2022-05-18,osm6123937356,connected,5653.3,osm6124539669
0.2,2022-05-18,osm6123937357,boat_dependent,2748.6,osm6124539669
0.2,2022-05-18,osm6720358434,uncertain,,
0.2,2022-05-18,osm9835676256,connected,5705.7,osm5900028290
0.2,2022-05-18,osm9843505109,connected,6102.1,osm5900028290
0.2,2022-05-18,osm9843505110,connected,1761.8,osm5900028290
0.2,2022-05-18,osm822959784,uncertain,,
0.2,2022-05-18,osm822959785,uncertain,,
0.2,2022-05-23,osm1472175218,connected,899.0,osm9707485332
0.2,2022-05-23,osm2481972070,connected,1705.0,osm2332856879
0.2,2022-05-23,osm3642867917,isolated,,
0.2,2022-05-23,osm3642870480,connected,10443.7,osm9707654269
0.2,2022-05-23,osm3642877016,isolated,,
0.2,2022-05-23,osm3642877017,boat_dependent,,
0.2,2022-05-23,osm5506312223,isolated,,
0.2,2022-05-23,osm6123937355,isolated,,
0.2,2022-05-23,osm6123937356,isolated,,
0.2,2022-05-23,osm6123937357,boat_dependent,,
0.2,2022-05-23,osm6720358434,isolated,,
0.2,2022-05-23,osm9835676256,isolated,,
0.2,2022-05-23,osm9843505109,connected,6102.1,osm5900028290
0.2,2022-05-23,osm9843505110,connected,1761.8,osm5900028290
0.2,2022-05-23,osm822959784,isolated,,
0.2,2022-05-23,osm822959785,isolated,,
0.2,2022-05-25,osm1472175218,connected,899.0,osm9707485332
0.2,2022-05-25,osm2481972070,connected,1705.0,osm2332856879
0.2,2022-05-25,osm3642867917,isolated,,
0.2,2022-05-25,osm3642870480,connected,10443.7,osm9707654269
0.2,2022-05-25,osm3642877016,isolated,,
0.2,2022-05-25,osm3642877017,boat_dependent,,
0.2,2022-05-25,osm5506312223,isolated,,
0.2,2022-05-25,osm6123937355,isolated,,
0.2,2022-05-25,osm6123937356,isolated,,
0.2,2022-05-25,osm6123937357,boat_dependent,,
0.2,2022-05-25,osm6720358434,isolated,,
0.2,2022-05-25,osm9835676256,isolated,,
0.2,2022-05-25,osm9843505109,connected,6102.1,osm5900028290
0.2,2022-05-25,osm9843505110,connected,1761.8,osm5900028290
0.2,2022-05-25,osm822959784,isolated,,
0.2,2022-05-25,osm822959785,isolated,,
0.2,2022-05-28,osm1472175218,connected,899.0,osm9707485332
0.2,2022-05-28,osm2481972070,connected,1705.0,osm2332856879
0.2,2022-05-28,osm3642867917,uncertain,,
0.2,2022-05-28,osm3642870480,connected,10443.7,osm9707654269
0.2,2022-05-28,osm3642877016,uncertain,,
0.2,2022-05-28,osm3642877017,boat_dependent,,
0.2,2022-05-28,osm5506312223,uncertain,,
0.2,2022-05-28,osm6123937355,uncertain,,
0.2,2022-05-28,osm6123937356,uncertain,,
0.2,2022-05-28,osm6123937357,boat_dependent,,
0.2,2022-05-28,osm6720358434,uncertain,,
0.2,2022-05-28,osm9835676256,isolated,,
0.2,2022-05-28,osm9843505109,connected,6102.1,osm5900028290
0.2,2022-05-28,osm9843505110,connected,1761.8,osm5900028290
0.2,2022-05-28,osm822959784,uncertain,,
0.2,2022-05-28,osm822959785,uncertain,,
0.2,2022-05-30,osm1472175218,connected,899.0,osm9707485332
0.2,2022-05-30,osm2481972070,connected,1705.0,osm2332856879
0.2,2022-05-30,osm3642867917,uncertain,,
0.2,2022-05-30,osm3642870480,connected,10443.7,osm9707654269
0.2,2022-05-30,osm3642877016,uncertain,,
0.2,2022-05-30,osm3642877017,boat_dependent,,
0.2,2022-05-30,osm5506312223,uncertain,,
0.2,2022-05-30,osm6123937355,uncertain,,
0.2,2022-05-30,osm6123937356,uncertain,,
0.2,2022-05-30,osm6123937357,boat_dependent,,
0.2,2022-05-30,osm6720358434,uncertain,,
0.2,2022-05-30,osm9835676256,isolated,,
0.2,2022-05-30,osm9843505109,connected,6102.1,osm5900028290
0.2,2022-05-30,osm9843505110,connected,1761.8,osm5900028290
0.2,2022-05-30,osm822959784,uncertain,,
0.2,2022-05-30,osm822959785,uncertain,,
0.2,2022-06-04,osm1472175218,connected,899.0,osm9707485332
0.2,2022-06-04,osm2481972070,connected,1705.0,osm2332856879
0.2,2022-06-04,osm3642867917,connected,14833.0,osm9707654269
0.2,2022-06-04,osm3642870480,connected,10443.7,osm9707654269
0.2,2022-06-04,osm3642877016,isolated,,
0.2,2022-06-04,osm3642877017,boat_dependent,,
0.2,2022-06-04,osm5506312223,isolated,,
0.2,2022-06-04,osm6123937355,connected,21605.0,osm9707654269
0.2,2022-06-04,osm6123937356,connected,20594.7,osm9707654269
0.2,2022-06-04,osm6123937357,boat_dependent,,
0.2,2022-06-04,osm6720358434,isolated,,
0.2,2022-06-04,osm9835676256,isolated,,
0.2,2022-06-04,osm9843505109,connected,6102.1,osm5900028290
0.2,2022-06-04,osm9843505110,connected,1761.8,osm5900028290
0.2,2022-06-04,osm822959784,isolated,,
0.2,2022-06-04,osm822959785,isolated,,
0.2,2022-06-06,osm1472175218,connected,899.0,osm9707485332
0.2,2022-06-06,osm2481972070,connected,1705.0,osm2332856879
0.2,2022-06-06,osm3642867917,isolated,,
0.2,2022-06-06,osm3642870480,connected,10443.7,osm9707654269
0.2,2022-06-06,osm3642877016,isolated,,
0.2,2022-06-06,osm3642877017,boat_dependent,,
0.2,2022-06-06,osm5506312223,isolated,,
0.2,2022-06-06,osm6123937355,isolated,,
0.2,2022-06-06,osm6123937356,isolated,,
0.2,2022-06-06,osm6123937357,boat_dependent,,
0.2,2022-06-06,osm6720358434,isolated,,
0.2,2022-06-06,osm9835676256,isolated,,
0.2,2022-06-06,osm9843505109,connected,6102.1,osm5900028290
0.2,2022-06-06,osm9843505110,connected,1761.8,osm5900028290
0.2,2022-06-06,osm822959784,isolated,,
0.2,2022-06-06,osm822959785,isolated,,
0.2,2022-06-09,osm1472175218,connected,899.0,osm9707485332
0.2,2022-06-09,osm2481972070,connected,1705.0,osm2332856879
0.2,2022-06-09,osm3642867917,uncertain,,
0.2,2022-06-09,osm3642870480,connected,10443.7,osm9707654269
0.2,2022-06-09,osm3642877016,uncertain,,
0.2,2022-06-09,osm3642877017,boat_dependent,,
0.2,2022-06-09,osm5506312223,uncertain,,
0.2,2022-06-09,osm6123937355,uncertain,,
0.2,2022-06-09,osm6123937356,uncertain,,
0.2,2022-06-09,osm6123937357,boat_dependent,,
0.2,2022-06-09,osm6720358434,uncertain,,
0.2,2022-06-09,osm9835676256,isolated,,
0.2,2022-06-09,osm9843505109,connected,6102.1,osm5900028290
0.2,2022-06-09,osm9843505110,connected,1761.8,osm5900028290
0.2,2022-06-09,osm822959784,uncertain,,
0.2,2022-06-09,osm822959785,uncertain,,
0.2,2022-06-11,osm1472175218,connected,899.0,osm9707485332
0.2,2022-06-11,osm2481972070,connected,1705.0,osm2332856879
0.2,2022-06-11,osm3642867917,uncertain,,
0.2,2022-06-11,osm3642870480,connected,10443.7,osm9707654269
0.2,2022-06-11,osm3642877016,uncertain,,
0.2,2022-06-11,osm3642877017,boat_dependent,15771.9,osm9707654269
0.2,2022-06-11,osm5506312223,uncertain,,
0.2,2022-06-11,osm6123937355,uncertain,,
0.2,2022-06-11,osm6123937356,uncertain,,
0.2,2022-06-11,osm6123937357,boat_dependent,,
0.2,2022-06-11,osm6720358434,uncertain,,
0.2,2022-06-11,osm9835676256,connected,10072.0,osm5900028290
0.2,2022-06-11,osm9843505109,connected,6102.1,osm5900028290
0.2,2022-06-11,osm9843505110,connected,1761.8,osm5900028290
0.2,2022-06-11,osm822959784,uncertain,,
0.2,2022-06-11,osm822959785,uncertain,,
0.2,2022-06-16,osm1472175218,connected,899.0,osm9707485332
0.2,2022-06-16,osm2481972070,connected,1705.0,osm2332856879
0.2,2022-06-16,osm3642867917,connected,14833.0,osm9707654269
0.2,2022-06-16,osm3642870480,connected,10443.7,osm9707654269
0.2,2022-06-16,osm3642877016,isolated,,
0.2,2022-06-16,osm3642877017,boat_dependent,,
0.2,2022-06-16,osm5506312223,isolated,,
0.2,2022-06-16,osm6123937355,isolated,,
0.2,2022-06-16,osm6123937356,isolated,,
0.2,2022-06-16,osm6123937357,boat_dependent,,
0.2,2022-06-16,osm6720358434,isolated,,
0.2,2022-06-16,osm9835676256,isolated,,
0.2,2022-06-16,osm9843505109,connected,6102.1,osm5900028290
0.2,2022-06-16,osm9843505110,connected,1761.8,osm5900028290
0.2,2022-06-16,osm822959784,isolated,,
0.2,2022-06-16,osm822959785,isolated,,
0.2,2022-06-18,osm1472175218,connected,899.0,osm9707485332
0.2,2022-06-18,osm2481972070,connected,1705.0,osm2332856879
0.2,2022-06-18,osm3642867917,isolated,,
0.2,2022-06-18,osm3642870480,connected,10443.7,osm9707654269
0.2,2022-06-18,osm3642877016,isolated,,
0.2,2022-06-18,osm3642877017,boat_dependent,,
0.2,2022-06-18,osm5506312223,isolated,,
0.2,2022-06-18,osm6123937355,isolated,,
0.2,2022-06-18,osm6123937356,isolated,,
0.2,2022-06-18,osm6123937357,boat_dependent,,
0.2,2022-06-18,osm6720358434,isolated,,
0.2,2022-06-18,osm9835676256,isolated,,
0.2,2022-06-18,osm9843505109,connected,6102.1,osm5900028290
0.2,2022-06-18,osm9843505110,connected,1761.8,osm5900028290
0.2,2022-06-18,osm822959784,isolated,,
0.2,2022-06-18,osm822959785,isolated,,
0.2,2022-06-21,osm1472175218,connected,899.0,osm9707485332
0.2,2022-06-21,osm2481972070,connected,1705.0,osm2332856879
0.2,2022-06-21,osm3642867917,uncertain,,
0.2,2022-06-21,osm3642870480,connected,10443.7,osm9707654269
0.2,2022-06-21,osm3642877016,uncertain,,
0.2,2022-06-21,osm3642877017,boat_dependent,,
0.2,2022-06-21,osm5506312223,uncertain,,
0.2,2022-06-21,osm6123937355,uncertain,,
0.2,2022-06-21,osm6123937356,uncertain,,
0.2,2022-06-21,osm6123937357,boat_dependent,,
0.2,2022-06-21,osm6720358434,uncertain,,
0.2,2022-06-21,osm9835676256,isolated,,
0.2,2022-06-21,osm9843505109,connected,6102.1,osm5900028290
0.2,2022-06-21,osm9843505110,connected,1761.8,osm5900028290
0.2,2022-06-21,osm822959784,uncertain,,
0.2,2022-06-21,osm822959785,uncertain,,
0.2,2022-06-23,osm1472175218,connected,899.0,osm9707485332
0.2,2022-06-23,osm2481972070,connected,1705.0,osm2332856879
0.2,2022-06-23,osm3642867917,uncertain,,
0.2,2022-06-23,osm3642870480,connected,7633.1,osm2616249197
0.2,2022-06-23,osm3642877016,uncertain,,
0.2,2022-06-23,osm3642877017,boat_dependent,2165.1,osm2616249197
0.2,2022-06-23,osm5506312223,uncertain,,
0.2,2022-06-23,osm6123937355,connected,2772.0,osm6124539669
0.2,2022-06-23,osm6123937356,connected,5653.3,osm6124539669
0.2,2022-06-23,osm6123937357,boat_dependent,2748.6,osm6124539669
0.2,2022-06-23,osm6720358434,uncertain,,
0.2,2022-06-23,osm9835676256,connected,7194.8,osm5900028290
0.2,2022-06-23,osm9843505109,connected,6102.1,osm5900028290
0.2,2022-06-23,osm9843505110,connected,1761.8,osm5900028290
0.2,2022-06-23,osm822959784,uncertain,,
0.2,2022-06-23,osm822959785,uncertain,,
0.2,2022-06-28,osm1472175218,connected,899.0,osm9707485332
0.2,2022-06-28,osm2481972070,connected,1705.0,osm2332856879
0.2,2022-06-28,osm3642867917,isolated,,
0.2,2022-06-28,osm3642870480,connected,10443.7,osm9707654269
0.2,2022-06-28,osm3642877016,isolated,,
0.2,2022-06-28,osm3642877017,boat_dependent,,
0.2,2022-06-28,osm5506312223,isolated,,
0.2,2022-06-28,osm6123937355,isolated,,
0.2,2022-06-28,osm6123937356,isolated,,
0.2,2022-06-28,osm6123937357,boat_dependent,,
0.2,2022-06-28,osm6720358434,isolated,,
0.2,2022-06-28,osm9835676256,isolated,,
0.2,2022-06-28,osm9843505109,connected,6102.1,osm5900028290
0.2,2022-06-28,osm9843505110,connected,1761.8,osm5900028290
0.2,2022-06-28,osm822959784,isolated,,
0.2,2022-06-28,osm822959785,isolated,,
0.2,2022-06-30,osm1472175218,connected,899.0,osm9707485332
0.2,2022-06-30,osm2481972070,connected,1705.0,osm2332856879
0.2,2022-06-30,osm3642867917,isolated,,
0.2,2022-06-30,osm3642870480,connected,10443.7,osm9707654269
0.2,2022-06-30,osm3642877016,isolated,,
0.2,2022-06-30,osm3642877017,boat_dependent,,
0.2,2022-06-30,osm5506312223,isolated,,
0.2,2022-06-30,osm6123937355,isolated,,
0.2,2022-06-30,osm6123937356,isolated,,
0.2,2022-06-30,osm6123937357,boat_dependent,,
0.2,2022-06-30,osm6720358434,isolated,,
0.2,2022-06-30,osm9835676256,isolated,,
0.2,2022-06-30,osm9843505109,connected,6102.1,osm5900028290
0.2,2022-06-30,osm9843505110,connected,1761.8,osm5900028290
0.2,2022-06-30,osm822959784,isolated,,
0.2,2022-06-30,osm822959785,isolated,,
0.2,2022-07-03,osm1472175218,connected,899.0,osm9707485332
0.2,2022-07-03,osm2481972070,connected,1705.0,osm2332856879
0.2,2022-07-03,osm3642867917,uncertain,,
0.2,2022-07-03,osm3642870480,connected,10443.7,osm9707654269
0.2,2022-07-03,osm3642877016,uncertain,,
0.2,2022-07-03,osm3642877017,boat_dependent,,
0.2,2022-07-03,osm5506312223,uncertain,,
0.2,2022-07-03,osm6123937355,uncertain,,
0.2,2022-07-03,osm6123937356,uncertain,,
0.2,2022-07-03,osm6123937357,boat_dependent,,
0.2,2022-07-03,osm6720358434,uncertain,,
0.2,2022-07-03,osm9835676256,isolated,,
0.2,2022-07-03,osm9843505109,connected,6102.1,osm5900028290
0.2,2022-07-03,osm9843505110,connected,1761.8,osm5900028290
0.2,2022-07-03,osm822959784,uncertain,,
0.2,2022-07-03,osm822959785,uncertain,,
0.2,2022-07-05,osm1472175218,connected,899.0,osm9707485332
0.2,2022-07-05,osm2481972070,connected,1705.0,osm2332856879
0.2,2022-07-05,osm3642867917,uncertain,,
0.2,2022-07-05,osm3642870480,connected,10443.7,osm9707654269
0.2,2022-07-05,osm3642877016,uncertain,,
0.2,2022-07-05,osm3642877017,boat_dependent,15771.9,osm9707654269
0.2,2022-07-05,osm5506312223,uncertain,,
0.2,2022-07-05,osm6123937355,uncertain,,
0.2,2022-07-05,osm6123937356,uncertain,,
0.2,2022-07-05,osm6123937357,boat_dependent,,
0.2,2022-07-05,osm6720358434,uncertain,,
0.2,2022-07-05,osm9835676256,isolated,,
0.2,2022-07-05,osm9843505109,connected,6102.1,osm5900028290
0.2,2022-07-05,osm9843505110,connected,1761.8,osm5900028290
0.2,2022-07-05,osm822959784,uncertain,,
0.2,2022-07-05,osm822959785,uncertain,,
0.2,2022-07-12,osm1472175218,connected,899.0,osm9707485332
0.2,2022-07-12,osm2481972070,connected,1705.0,osm2332856879
0.2,2022-07-12,osm3642867917,connected,14833.0,osm9707654269
0.2,2022-07-12,osm3642870480,connected,10443.7,osm9707654269
0.2,2022-07-12,osm3642877016,isolated,,
0.2,2022-07-12,osm3642877017,boat_dependent,,
0.2,2022-07-12,osm5506312223,isolated,,
0.2,2022-07-12,osm6123937355,connected,21605.0,osm9707654269
0.2,2022-07-12,osm6123937356,connected,20594.7,osm9707654269
0.2,2022-07-12,osm6123937357,boat_dependent,,
0.2,2022-07-12,osm6720358434,isolated,,
0.2,2022-07-12,osm9835676256,isolated,,
0.2,2022-07-12,osm9843505109,connected,6102.1,osm5900028290
0.2,2022-07-12,osm9843505110,connected,1761.8,osm5900028290
0.2,2022-07-12,osm822959784,isolated,,
0.2,2022-07-12,osm822959785,isolated,,
0.4,2022-05-16,osm1472175218,connected,899.0,osm9707485332
0.4,2022-05-16,osm2481972070,connected,1705.0,osm2332856879
0.4,2022-05-16,osm3642867917,uncertain,,
0.4,2022-05-16,osm3642870480,connected,10443.7,osm9707654269
0.4,2022-05-16,osm3642877016,uncertain,,
0.4,2022-05-16,osm3642877017,boat_dependent,15771.9,osm9707654269
0.4,2022-05-16,osm5506312223,uncertain,,
0.4,2022-05-16,osm6123937355,uncertain,,
0.4,2022-05-16,osm6123937356,uncertain,,
0.4,2022-05-16,osm6123937357,boat_dependent,,
0.4,2022-05-16,osm6720358434,uncertain,,
0.4,2022-05-16,osm9835676256,connected,10237.1,osm5900028290
0.4,2022-05-16,osm9843505109,connected,6102.1,osm5900028290
0.4,2022-05-16,osm9843505110,connected,1761.8,osm5900028290
0.4,2022-05-16,osm822959784,uncertain,,
0.4,2022-05-16,osm822959785,uncertain,,
0.4,2022-05-18,osm1472175218,connected,899.0,osm9707485332
0.4,2022-05-18,osm2481972070,connected,1705.0,osm2332856879
0.4,2022-05-18,osm3642867917,uncertain,,
0.4,2022-05-18,osm3642870480,connected,5873.6,osm2616255489
0.4,2022-05-18,osm3642877016,uncertain,,
0.4,2022-05-18,osm3642877017,boat_dependent,2165.1,osm2616249197
0.4,2022-05-18,osm5506312223,uncertain,,
0.4,2022-05-18,osm6123937355,connected,2772.0,osm6124539669
0.4,2022-05-18,osm6123937356,connected,5653.3,osm6124539669
0.4,2022-05-18,osm6123937357,boat_dependent,2748.6,osm6124539669
0.4,2022-05-18,osm6720358434,uncertain,,
0.4,2022-05-18,osm9835676256,connected,5705.7,osm5900028290
0.4,2022-05-18,osm9843505109,connected,6102.1,osm5900028290
0.4,2022-05-18,osm9843505110,connected,1761.8,osm5900028290
0.4,2022-05-18,osm822959784,uncertain,,
0.4,2022-05-18,osm822959785,uncertain,,
0.4,2022-05-23,osm1472175218,connected,899.0,osm9707485332
0.4,2022-05-23,osm2481972070,connected,1705.0,osm2332856879
0.4,2022-05-23,osm3642867917,connected,14833.0,osm9707654269
0.4,2022-05-23,osm3642870480,connected,10443.7,osm9707654269
0.4,2022-05-23,osm3642877016,isolated,,
0.4,2022-05-23,osm3642877017,boat_dependent,15771.9,osm9707654269
0.4,2022-05-23,osm5506312223,isolated,,
0.4,2022-05-23,osm6123937355,connected,21605.0,osm9707654269
0.4,2022-05-23,osm6123937356,connected,20594.7,osm9707654269
0.4,2022-05-23,osm6123937357,boat_dependent,,
0.4,2022-05-23,osm6720358434,isolated,,
0.4,2022-05-23,osm9835676256,isolated,,
0.4,2022-05-23,osm9843505109,connected,6102.1,osm5900028290
0.4,2022-05-23,osm9843505110,connected,1761.8,osm5900028290
0.4,2022-05-23,osm822959784,isolated,,
0.4,2022-05-23,osm822959785,isolated,,
0.4,2022-05-25,osm1472175218,connected,899.0,osm9707485332
0.4,2022-05-25,osm2481972070,connected,1705.0,osm2332856879
0.4,2022-05-25,osm3642867917,connected,14833.0,osm9707654269
0.4,2022-05-25,osm3642870480,connected,10443.7,osm9707654269
0.4,2022-05-25,osm3642877016,connected,12899.9,osm9707654269
0.4,2022-05-25,osm3642877017,boat_dependent,15771.9,osm9707654269
0.4,2022-05-25,osm5506312223,isolated,,
0.4,2022-05-25,osm6123937355,connected,21605.0,osm9707654269
0.4,2022-05-25,osm6123937356,connected,20594.7,osm9707654269
0.4,2022-05-25,osm6123937357,boat_dependent,,
0.4,2022-05-25,osm6720358434,isolated,,
0.4,2022-05-25,osm9835676256,isolated,,
0.4,2022-05-25,osm9843505109,connected,6102.1,osm5900028290
0.4,2022-05-25,osm9843505110,connected,1761.8,osm5900028290
0.4,2022-05-25,osm822959784,isolated,,
0.4,2022-05-25,osm822959785,isolated,,
0.4,2022-05-28,osm1472175218,connected,899.0,osm9707485332
0.4,2022-05-28,osm2481972070,connected,1705.0,osm2332856879
0.4,2022-05-28,osm3642867917,uncertain,,
0.4,2022-05-28,osm3642870480,connected,10443.7,osm9707654269
0.4,2022-05-28,osm3642877016,uncertain,,
0.4,2022-05-28,osm3642877017,boat_dependent,15771.9,osm9707654269
0.4,2022-05-28,osm5506312223,uncertain,,
0.4,2022-05-28,osm6123937355,uncertain,,
0.4,2022-05-28,osm6123937356,uncertain,,
0.4,2022-05-28,osm6123937357,boat_dependent,,
0.4,2022-05-28,osm6720358434,uncertain,,
0.4,2022-05-28,osm9835676256,uncertain,,
0.4,2022-05-28,osm9843505109,connected,6102.1,osm5900028290
0.4,2022-05-28,osm9843505110,connected,1761.8,osm5900028290
0.4,2022-05-28,osm822959784,uncertain,,
0.4,2022-05-28,osm822959785,uncertain,,
0.4,2022-05-30,osm1472175218,connected,899.0,osm9707485332
0.4,2022-05-30,osm2481972070,connected,1705.0,osm2332856879
0.4,2022-05-30,osm3642867917,uncertain,,
0.4,2022-05-30,osm3642870480,connected,10443.7,osm9707654269
0.4,2022-05-30,osm3642877016,uncertain,,
0.4,2022-05-30,osm3642877017,boat_dependent,15771.9,osm9707654269
0.4,2022-05-30,osm5506312223,uncertain,,
0.4,2022-05-30,osm6123937355,uncertain,,
0.4,2022-05-30,osm6123937356,uncertain,,
0.4,2022-05-30,osm6123937357,boat_dependent,,
0.4,2022-05-30,osm6720358434,uncertain,,
0.4,2022-05-30,osm9835676256,isolated,,
0.4,2022-05-30,osm9843505109,connected,6102.1,osm5900028290
0.4,2022-05-30,osm9843505110,connected,1761.8,osm5900028290
0.4,2022-05-30,osm822959784,uncertain,,
0.4,2022-05-30,osm822959785,uncertain,,
0.4,2022-06-04,osm1472175218,connected,899.0,osm9707485332
0.4,2022-06-04,osm2481972070,connected,1705.0,osm2332856879
0.4,2022-06-04,osm3642867917,connected,14833.0,osm9707654269
0.4,2022-06-04,osm3642870480,connected,10443.7,osm9707654269
0.4,2022-06-04,osm3642877016,isolated,,
0.4,2022-06-04,osm3642877017,boat_dependent,15771.9,osm9707654269
0.4,2022-06-04,osm5506312223,isolated,,
0.4,2022-06-04,osm6123937355,connected,21605.0,osm9707654269
0.4,2022-06-04,osm6123937356,connected,20594.7,osm9707654269
0.4,2022-06-04,osm6123937357,boat_dependent,,
0.4,2022-06-04,osm6720358434,isolated,,
0.4,2022-06-04,osm9835676256,isolated,,
0.4,2022-06-04,osm9843505109,connected,6102.1,osm5900028290
0.4,2022-06-04,osm9843505110,connected,1761.8,osm5900028290
0.4,2022-06-04,osm822959784,isolated,,
0.4,2022-06-04,osm822959785,isolated,,
0.4,2022-06-06,osm1472175218,connected,899.0,osm9707485332
0.4,2022-06-06,osm2481972070,connected,1705.0,osm2332856879
0.4,2022-06-06,osm3642867917,connected,14833.0,osm9707654269
0.4,2022-06-06,osm3642870480,connected,10443.7,osm9707654269
0.4,2022-06-06,osm3642877016,isolated,,
0.4,2022-06-06,osm3642877017,boat_dependent,15771.9,osm9707654269
0.4,2022-06-06,osm5506312223,isolated,,
0.4,2022-06-06,osm6123937355,connected,21605.0,osm9707654269
0.4,2022-06-06,osm6123937356,connected,20594.7,osm9707654269
0.4,2022-06-06,osm6123937357,boat_dependent,,
0.4,2022-06-06,osm6720358434,isolated,,
0.4,2022-06-06,osm9835676256,isolated,,
0.4,2022-06-06,osm9843505109,connected,6102.1,osm5900028290
0.4,2022-06-06,osm9843505110,connected,1761.8,osm5900028290
0.4,2022-06-06,osm822959784,isolated,,
0.4,2022-06-06,osm822959785,isolated,,
0.4,2022-06-09,osm1472175218,connected,899.0,osm9707485332
0.4,2022-06-09,osm2481972070,connected,1705.0,osm2332856879
0.4,2022-06-09,osm3642867917,uncertain,,
0.4,2022-06-09,osm3642870480,connected,10443.7,osm9707654269
0.4,2022-06-09,osm3642877016,uncertain,,
0.4,2022-06-09,osm3642877017,boat_dependent,15771.9,osm9707654269
0.4,2022-06-09,osm5506312223,uncertain,,
0.4,2022-06-09,osm6123937355,uncertain,,
0.4,2022-06-09,osm6123937356,uncertain,,
0.4,2022-06-09,osm6123937357,boat_dependent,,
0.4,2022-06-09,osm6720358434,uncertain,,
0.4,2022-06-09,osm9835676256,isolated,,
0.4,2022-06-09,osm9843505109,connected,6102.1,osm5900028290
0.4,2022-06-09,osm9843505110,connected,1761.8,osm5900028290
0.4,2022-06-09,osm822959784,uncertain,,
0.4,2022-06-09,osm822959785,uncertain,,
0.4,2022-06-11,osm1472175218,connected,899.0,osm9707485332
0.4,2022-06-11,osm2481972070,connected,1705.0,osm2332856879
0.4,2022-06-11,osm3642867917,uncertain,,
0.4,2022-06-11,osm3642870480,connected,10443.7,osm9707654269
0.4,2022-06-11,osm3642877016,uncertain,,
0.4,2022-06-11,osm3642877017,boat_dependent,8059.5,osm2616249197
0.4,2022-06-11,osm5506312223,uncertain,,
0.4,2022-06-11,osm6123937355,uncertain,,
0.4,2022-06-11,osm6123937356,uncertain,,
0.4,2022-06-11,osm6123937357,boat_dependent,2748.6,osm6124539669
0.4,2022-06-11,osm6720358434,uncertain,,
0.4,2022-06-11,osm9835676256,connected,6332.3,osm5900028290
0.4,2022-06-11,osm9843505109,connected,6102.1,osm5900028290
0.4,2022-06-11,osm9843505110,connected,1761.8,osm5900028290
0.4,2022-06-11,osm822959784,uncertain,,
0.4,2022-06-11,osm822959785,uncertain,,
0.4,2022-06-16,osm1472175218,connected,899.0,osm9707485332
0.4,2022-06-16,osm2481972070,connected,1705.0,osm2332856879
0.4,2022-06-16,osm3642867917,connected,14833.0,osm9707654269
0.4,2022-06-16,osm3642870480,connected,10443.7,osm9707654269
0.4,2022-06-16,osm3642877016,connected,12899.9,osm9707654269
0.4,2022-06-16,osm3642877017,boat_dependent,15771.9,osm9707654269
0.4,2022-06-16,osm5506312223,isolated,,
0.4,2022-06-16,osm6123937355,connected,24617.0,osm9707654269
0.4,2022-06-16,osm6123937356,connected,22021.7,osm9707654269
0.4,2022-06-16,osm6123937357,boat_dependent,,
0.4,2022-06-16,osm6720358434,isolated,,
0.4,2022-06-16,osm9835676256,isolated,,
0.4,2022-06-16,osm9843505109,connected,6102.1,osm5900028290
0.4,2022-06-16,osm9843505110,connected,1761.8,osm5900028290
0.4,2022-06-16,osm822959784,isolated,,
0.4,2022-06-16,osm822959785,isolated,,
0.4,2022-06-18,osm1472175218,connected,899.0,osm9707485332
0.4,2022-06-18,osm2481972070,connected,1705.0,osm2332856879
0.4,2022-06-18,osm3642867917,connected,14833.0,osm9707654269
0.4,2022-06-18,osm3642870480,connected,10443.7,osm9707654269
0.4,2022-06-18,osm3642877016,isolated,,
0.4,2022-06-18,osm3642877017,boat_dependent,15771.9,osm9707654269
0.4,2022-06-18,osm5506312223,isolated,,
0.4,2022-06-18,osm6123937355,connected,21605.0,osm9707654269
0.4,2022-06-18,osm6123937356,connected,20594.7,osm9707654269
0.4,2022-06-18,osm6123937357,boat_dependent,,
0.4,2022-06-18,osm6720358434,isolated,,
0.4,2022-06-18,osm9835676256,isolated,,
0.4,2022-06-18,osm9843505109,connected,6102.1,osm5900028290
0.4,2022-06-18,osm9843505110,connected,1761.8,osm5900028290
0.4,2022-06-18,osm822959784,isolated,,
0.4,2022-06-18,osm822959785,isolated,,
0.4,2022-06-21,osm1472175218,connected,899.0,osm9707485332
0.4,2022-06-21,osm2481972070,connected,1705.0,osm2332856879
0.4,2022-06-21,osm3642867917,uncertain,,
0.4,2022-06-21,osm3642870480,connected,10443.7,osm9707654269
0.4,2022-06-21,osm3642877016,uncertain,,
0.4,2022-06-21,osm3642877017,boat_dependent,15771.9,osm9707654269
0.4,2022-06-21,osm5506312223,uncertain,,
0.4,2022-06-21,osm6123937355,uncertain,,
0.4,2022-06-21,osm6123937356,uncertain,,
0.4,2022-06-21,osm6123937357,boat_dependent,,
0.4,2022-06-21,osm6720358434,uncertain,,
0.4,2022-06-21,osm9835676256,isolated,,
0.4,2022-06-21,osm9843505109,connected,6102.1,osm5900028290
0.4,2022-06-21,osm9843505110,connected,1761.8,osm5900028290
0.4,2022-06-21,osm822959784,uncertain,,
0.4,2022-06-21,osm822959785,uncertain,,
0.4,2022-06-23,osm1472175218,connected,899.0,osm9707485332
0.4,2022-06-23,osm2481972070,connected,1705.0,osm2332856879
0.4,2022-06-23,osm3642867917,uncertain,,
0.4,2022-06-23,osm3642870480,connected,7633.1,osm2616249197
0.4,2022-06-23,osm3642877016,uncertain,,
0.4,2022-06-23,osm3642877017,boat_dependent,2165.1,osm2616249197
0.4,2022-06-23,osm5506312223,uncertain,,
0.4,2022-06-23,osm6123937355,connected,2772.0,osm6124539669
0.4,2022-06-23,osm6123937356,connected,5653.3,osm6124539669
0.4,2022-06-23,osm6123937357,boat_dependent,2748.6,osm6124539669
0.4,2022-06-23,osm6720358434,uncertain,,
0.4,2022-06-23,osm9835676256,connected,6332.3,osm5900028290
0.4,2022-06-23,osm9843505109,connected,6102.1,osm5900028290
0.4,2022-06-23,osm9843505110,connected,1761.8,osm5900028290
0.4,2022-06-23,osm822959784,uncertain,,
0.4,2022-06-23,osm822959785,uncertain,,
0.4,2022-06-28,osm1472175218,connected,899.0,osm9707485332
0.4,2022-06-28,osm2481972070,connected,1705.0,osm2332856879
0.4,2022-06-28,osm3642867917,connected,14833.0,osm9707654269
0.4,2022-06-28,osm3642870480,connected,10443.7,osm9707654269
0.4,2022-06-28,osm3642877016,isolated,,
0.4,2022-06-28,osm3642877017,boat_dependent,15771.9,osm9707654269
0.4,2022-06-28,osm5506312223,isolated,,
0.4,2022-06-28,osm6123937355,connected,21605.0,osm9707654269
0.4,2022-06-28,osm6123937356,connected,20594.7,osm9707654269
0.4,2022-06-28,osm6123937357,boat_dependent,,
0.4,2022-06-28,osm6720358434,isolated,,
0.4,2022-06-28,osm9835676256,isolated,,
0.4,2022-06-28,osm9843505109,connected,6102.1,osm5900028290
0.4,2022-06-28,osm9843505110,connected,1761.8,osm5900028290
0.4,2022-06-28,osm822959784,isolated,,
0.4,2022-06-28,osm822959785,isolated,,
0.4,2022-06-30,osm1472175218,connected,899.0,osm9707485332
0.4,2022-06-30,osm2481972070,connected,1705.0,osm2332856879
0.4,2022-06-30,osm3642867917,connected,14833.0,osm9707654269
0.4,2022-06-30,osm3642870480,connected,10443.7,osm9707654269
0.4,2022-06-30,osm3642877016,isolated,,
0.4,2022-06-30,osm3642877017,boat_dependent,15771.9,osm9707654269
0.4,2022-06-30,osm5506312223,isolated,,
0.4,2022-06-30,osm6123937355,connected,21605.0,osm9707654269
0.4,2022-06-30,osm6123937356,connected,20594.7,osm9707654269
0.4,2022-06-30,osm6123937357,boat_dependent,,
0.4,2022-06-30,osm6720358434,isolated,,
0.4,2022-06-30,osm9835676256,isolated,,
0.4,2022-06-30,osm9843505109,connected,6102.1,osm5900028290
0.4,2022-06-30,osm9843505110,connected,1761.8,osm5900028290
0.4,2022-06-30,osm822959784,isolated,,
0.4,2022-06-30,osm822959785,isolated,,
0.4,2022-07-03,osm1472175218,connected,899.0,osm9707485332
0.4,2022-07-03,osm2481972070,connected,1705.0,osm2332856879
0.4,2022-07-03,osm3642867917,uncertain,,
0.4,2022-07-03,osm3642870480,connected,10443.7,osm9707654269
0.4,2022-07-03,osm3642877016,uncertain,,
0.4,2022-07-03,osm3642877017,boat_dependent,15771.9,osm9707654269
0.4,2022-07-03,osm5506312223,uncertain,,
0.4,2022-07-03,osm6123937355,uncertain,,
0.4,2022-07-03,osm6123937356,uncertain,,
0.4,2022-07-03,osm6123937357,boat_dependent,,
0.4,2022-07-03,osm6720358434,uncertain,,
0.4,2022-07-03,osm9835676256,isolated,,
0.4,2022-07-03,osm9843505109,connected,6102.1,osm5900028290
0.4,2022-07-03,osm9843505110,connected,1761.8,osm5900028290
0.4,2022-07-03,osm822959784,uncertain,,
0.4,2022-07-03,osm822959785,uncertain,,
0.4,2022-07-05,osm1472175218,connected,899.0,osm9707485332
0.4,2022-07-05,osm2481972070,connected,1705.0,osm2332856879
0.4,2022-07-05,osm3642867917,uncertain,,
0.4,2022-07-05,osm3642870480,connected,10443.7,osm9707654269
0.4,2022-07-05,osm3642877016,uncertain,,
0.4,2022-07-05,osm3642877017,boat_dependent,15771.9,osm9707654269
0.4,2022-07-05,osm5506312223,uncertain,,
0.4,2022-07-05,osm6123937355,uncertain,,
0.4,2022-07-05,osm6123937356,uncertain,,
0.4,2022-07-05,osm6123937357,boat_dependent,2748.6,osm6124539669
0.4,2022-07-05,osm6720358434,uncertain,,
0.4,2022-07-05,osm9835676256,connected,10345.6,osm5900028290
0.4,2022-07-05,osm9843505109,connected,6102.1,osm5900028290
0.4,2022-07-05,osm9843505110,connected,1761.8,osm5900028290
0.4,2022-07-05,osm822959784,uncertain,,
0.4,2022-07-05,osm822959785,uncertain,,
0.4,2022-07-12,osm1472175218,connected,899.0,osm9707485332
0.4,2022-07-12,osm2481972070,connected,1705.0,osm2332856879
0.4,2022-07-12,osm3642867917,connected,14789.7,osm539361524
0.4,2022-07-12,osm3642870480,connected,10400.4,osm539361524
0.4,2022-07-12,osm3642877016,connected,12856.6,osm539361524
0.4,2022-07-12,osm3642877017,boat_dependent,15728.6,osm539361524
0.4,2022-07-12,osm5506312223,isolated,,
0.4,2022-07-12,osm6123937355,connected,21561.7,osm539361524
0.4,2022-07-12,osm6123937356,connected,20551.4,osm539361524
0.4,2022-07-12,osm6123937357,boat_dependent,,
0.4,2022-07-12,osm6720358434,isolated,,
0.4,2022-07-12,osm9835676256,isolated,,
0.4,2022-07-12,osm9843505109,connected,6102.1,osm5900028290
0.4,2022-07-12,osm9843505110,connected,1761.8,osm5900028290
0.4,2022-07-12,osm822959784,isolated,,
0.4,2022-07-12,osm822959785,isolated,,
