date,relative_orbit,otsu_db,flooded_pct
2022-05-16,114,-15.13,3.74
2022-05-18,150,-18.0,1.32
2022-05-23,41,-15.62,39.33
2022-05-25,77,-15.13,36.59
2022-05-28,114,-16.63,6.31
2022-05-30,150,-12.38,12.12
2022-06-04,41,-13.12,34.71
2022-06-06,77,-15.13,37.07
2022-06-09,114,-18.11,6.35
2022-06-11,150,-18.0,2.72
2022-06-16,41,-14.13,34.81
2022-06-18,77,-16.63,42.86
2022-06-21,114,-18.14,7.32
2022-06-23,150,-18.0,1.87
2022-06-28,41,-14.62,40.83
2022-06-30,77,-14.87,41.08
2022-07-03,114,-17.62,7.1
2022-07-05,150,-18.0,5.75
2022-07-12,77,-15.62,33.21
