date,flooded_km2,unknown_pct,metric
2022-05-16,0.0,99.9,MOD09GA NDWI increase proxy; resampled to 20 m grid
2022-05-18,0.0,99.9,MOD09GA NDWI increase proxy; resampled to 20 m grid
2022-05-23,0.0,99.9,MOD09GA NDWI increase proxy; resampled to 20 m grid
2022-05-25,0.0,99.9,MOD09GA NDWI increase proxy; resampled to 20 m grid
2022-05-28,16.6,97.2,MOD09GA NDWI increase proxy; resampled to 20 m grid
2022-05-30,15.1,97.6,MOD09GA NDWI increase proxy; resampled to 20 m grid
2022-06-04,0.0,99.9,MOD09GA NDWI increase proxy; resampled to 20 m grid
2022-06-06,0.0,99.9,MOD09GA NDWI increase proxy; resampled to 20 m grid
2022-06-09,0.0,99.9,MOD09GA NDWI increase proxy; resampled to 20 m grid
2022-06-11,12.0,97.1,MOD09GA NDWI increase proxy; resampled to 20 m grid
2022-06-16,0.0,99.9,MOD09GA NDWI increase proxy; resampled to 20 m grid
2022-06-18,0.0,99.9,MOD09GA NDWI increase proxy; resampled to 20 m grid
2022-06-21,0.0,99.9,MOD09GA NDWI increase proxy; resampled to 20 m grid
2022-06-23,0.0,99.9,MOD09GA NDWI increase proxy; resampled to 20 m grid
2022-06-28,0.0,99.9,MOD09GA NDWI increase proxy; resampled to 20 m grid
2022-06-30,0.0,99.9,MOD09GA NDWI increase proxy; resampled to 20 m grid
2022-07-03,0.0,99.9,MOD09GA NDWI increase proxy; resampled to 20 m grid
2022-07-05,34.1,96.4,MOD09GA NDWI increase proxy; resampled to 20 m grid
2022-07-12,107.8,86.6,MOD09GA NDWI increase proxy; resampled to 20 m grid
