date,sunamganj_mm,meghalaya_upstream_mm
2022-05-20,44.5,42.5
2022-05-21,30.4,16.3
2022-05-22,11.4,2.1
2022-05-23,50.5,15.1
2022-05-24,29.9,1.0
2022-05-25,4.8,2.5
2022-05-26,5.6,2.3
2022-05-27,6.4,0.2
2022-05-28,4.5,0.6
2022-05-29,8.0,4.2
2022-05-30,5.7,0.1
2022-05-31,25.3,14.7
2022-06-01,18.7,13.5
2022-06-02,33.4,25.8
2022-06-03,90.5,85.2
2022-06-04,49.3,42.4
2022-06-05,71.7,46.6
2022-06-06,54.6,65.4
2022-06-07,37.4,46.1
2022-06-08,38.1,26.3
2022-06-09,82.2,69.3
2022-06-10,36.0,27.5
2022-06-11,14.5,3.7
2022-06-12,74.0,127.8
2022-06-13,96.6,148.5
2022-06-14,47.9,109.8
2022-06-15,57.0,121.9
2022-06-16,179.9,292.4
2022-06-17,235.7,208.3
2022-06-18,71.2,49.6
2022-06-19,7.3,17.3
2022-06-20,28.6,24.3
2022-06-21,4.9,6.2
2022-06-22,12.8,11.1
2022-06-23,12.8,3.5
2022-06-24,4.4,0.5
2022-06-25,7.9,3.0
2022-06-26,13.5,6.0
2022-06-27,28.5,10.9
2022-06-28,56.6,54.9
2022-06-29,59.9,33.4
2022-06-30,52.4,29.3
