shelter_id,name,type,lat,lon,source,verified,notes
osm2332856879,Dowarbazar Upazila Health Complex,hospital,25.042962,91.567837,OpenStreetMap,,
osm2332856927,Sunamganj General Hospital,hospital,25.065123,91.410647,OpenStreetMap,,
osm2616249197,Pagla High School,school,24.928214,91.445881,OpenStreetMap,,
osm2616255489,Khaled General Hospital,hospital,24.921823,91.443354,OpenStreetMap,,
osm5219154452,Sunny Pharmacy,pharmacy,24.92744,91.545767,OpenStreetMap,,
osm5900028290,Kathalbari Primary School,school,25.136189,91.561743,OpenStreetMap,,
osm6124539669,Pangaon Community clinic,hospital,24.867989,91.330711,OpenStreetMap,,
osm7138660369,"Ryngku, PHC",centre,25.167401,91.558741,OpenStreetMap,,
osm9707464038,Saptagram Holdarkandi Junior School,school,24.842999,91.48911,OpenStreetMap,,
osm9707464039,Atpara High School,school,24.833935,91.525034,OpenStreetMap,,
osm9707464040,Haydorpur High School,school,24.842042,91.555341,OpenStreetMap,,
osm9707485330,Chhatak Govt. Bohumukhi Model High School,school,25.034441,91.673116,OpenStreetMap,,
osm9707485331,Chandranath Girls High School,school,25.033573,91.669617,OpenStreetMap,,
osm9707485332,C.B.P High School,school,25.030286,91.659462,OpenStreetMap,,
osm9707489652,Hazi Jamal Uddin High School,school,24.855,91.563622,OpenStreetMap,,
osm9707489653,Panchagram High School,school,24.870682,91.53222,OpenStreetMap,,
osm9707489654,Akota High School,school,24.875505,91.563459,OpenStreetMap,,
osm9707489655,Khurma High School,school,24.898118,91.601898,OpenStreetMap,,
osm9707489656,Paalpur High School,school,24.908935,91.625378,OpenStreetMap,,
osm9707489657,Alhaj Ayajur Rahman Junior School,school,24.937484,91.661068,OpenStreetMap,,
osm9707489658,Gobinda Gonj M.L. High School,school,24.923902,91.68437,OpenStreetMap,,
osm9707489659,Hafiz Abdul Goni Talukder Junior School,school,24.949802,91.679084,OpenStreetMap,,
osm9707489660,Alongi Model High School,school,24.970064,91.634317,OpenStreetMap,,
osm9707489661,Hazi Kamar Ali High School,school,24.987097,91.664811,OpenStreetMap,,
osm9707489662,Chhatak Cement Factory High School,school,25.015943,91.642648,OpenStreetMap,,
osm9707654265,Goni Pur High School,school,24.936062,91.552184,OpenStreetMap,,
osm9707654267,Mogalgaon Junior School,school,24.957519,91.524361,OpenStreetMap,,
osm9707654268,Borokapan Atgram High School,school,24.937701,91.497989,OpenStreetMap,,
osm9707654269,Sadarpur Govt. Primary School,school,24.941161,91.428597,OpenStreetMap,,
osm9707654270,Joykalas Ujanigaon Rashidia Govt. High School,school,24.946365,91.394304,OpenStreetMap,,
osm9707654271,Gagli Narainpur Junior School,school,24.95772,91.367032,OpenStreetMap,,
osm9707654272,Noakhali Saptogram High School,school,24.930371,91.363431,OpenStreetMap,,
osm9707654274,Astrogram Rasgobinda High School,school,24.968775,91.350817,OpenStreetMap,,
osm539186501,Gobindogonj RHD Sub Office,building,24.927591,91.690131,OpenStreetMap,,
osm539192590,Bridge Academy,school,24.933257,91.675631,OpenStreetMap,,
osm539193065,Tanjina Center,community_centre,24.933629,91.67356,OpenStreetMap,,
osm539200135,Rahman Pharmacy,pharmacy,24.94083,91.633156,OpenStreetMap,,
osm539203370,koitok hospital,hospital,24.928423,91.565807,OpenStreetMap,,
osm539204695,Jawa Government Primary School,school,24.926522,91.550915,OpenStreetMap,,
osm539350552,Jawabazar Degree College,college,24.929016,91.541947,OpenStreetMap,,
osm539361524,(unnamed),hospital,24.945203,91.397182,OpenStreetMap,,
osm539371883,VARD Eye Hospital,hospital,25.038168,91.387362,OpenStreetMap,,
osm539389434,"Local Government Engineering Department, Sunamganj",building,25.060394,91.390313,OpenStreetMap,,
osm539391083,Sunamganj Technical School and College,college,25.065215,91.39287,OpenStreetMap,,
osm539393031,Sunamganj Electricity Office,building,25.066955,91.393287,OpenStreetMap,,
osm539393549,"Road Division, Sunamganj",building,25.068416,91.395806,OpenStreetMap,,
osm539968973,Tuker Bazar High School,school,25.030638,91.357013,OpenStreetMap,,
osm822990739,Dergaw primary school - দেরগাও প্রাইমারি স্কুল,school,24.930838,91.537137,OpenStreetMap,,
osm1075338151,(unnamed),school,24.946525,91.394388,OpenStreetMap,,
osm1094056629,(unnamed),school,25.034502,91.673009,OpenStreetMap,,
