date,sources,flooded_pct,dry_pct,unknown_pct
2022-05-16,sentinel1,3.74,40.92,55.33
2022-05-18,sentinel1,1.32,54.89,43.79
2022-05-23,sentinel1,39.33,60.67,0.0
2022-05-25,sentinel1,36.59,63.41,0.0
2022-05-28,sentinel1,6.31,38.34,55.35
2022-05-30,sentinel1,12.12,43.97,43.91
2022-06-04,sentinel1,34.71,65.29,0.0
2022-06-06,sentinel1,37.07,62.93,0.0
2022-06-09,sentinel1,6.35,38.18,55.47
2022-06-11,sentinel1,2.72,53.3,43.98
2022-06-16,sentinel1,34.81,65.19,0.0
2022-06-18,sentinel1,42.86,57.14,0.0
2022-06-21,sentinel1,7.32,37.29,55.39
2022-06-23,sentinel1,1.87,54.19,43.93
2022-06-28,sentinel1,40.83,59.17,0.0
2022-06-30,sentinel1,41.08,58.92,0.0
2022-07-03,sentinel1,7.1,37.52,55.38
2022-07-05,sentinel1,5.75,50.34,43.91
2022-07-12,sentinel1,33.21,66.79,0.0
